{"stat.chestOpened":2,"stat.useItem.minecraft.bow":2,"stat.useItem.minecraft.stone":3,"stat.leaveGame":27,"stat.useItem.minecraft.skull":63,"stat.mineBlock.minecraft.sandstone":8,"stat.swimOneCm":3004,"stat.jump":1461,"stat.useItem.minecraft.wooden_hoe":22,"stat.useItem.minecraft.planks":2,"stat.fallOneCm":45761,"stat.climbOneCm":4040,"stat.crouchOneCm":84278,"stat.useItem.minecraft.obsidian":18,"stat.useItem.minecraft.dirt":817,"achievement.exploreAllBiomes":{"value":0,"progress":["ForestHills","Flower Forest","Birch Forest","Roofed Forest","Plains","Extreme Hills+ M","Beach","DesertHills","Stone Beach","Extreme Hills+","Jungle","Ocean","Forest","River","Desert","Extreme Hills","MushroomIsland","Swampland","Deep Ocean","Swampland M"]},"stat.damageTaken":3915,"stat.useItem.minecraft.gold_block":5,"stat.useItem.minecraft.brick_block":94,"stat.flyOneCm":3101402,"stat.killEntity.Villager":1,"stat.damageDealt":1345,"stat.timeSinceDeath":555,"stat.useItem.minecraft.sign":11,"stat.useItem.minecraft.iron_pickaxe":8,"stat.useItem.minecraft.spawn_egg":8,"stat.useItem.minecraft.iron_bars":1,"stat.useItem.minecraft.command_block":1,"stat.walkOneCm":590670,"stat.useItem.minecraft.torch":3,"stat.useItem.minecraft.chest":1,"stat.playerKills":5,"stat.useItem.minecraft.lever":1,"stat.useItem.minecraft.log":180,"stat.useItem.minecraft.cobblestone":1,"stat.useItem.minecraft.cooked_porkchop":4,"stat.talkedToVillager":6,"stat.useItem.minecraft.stained_hardened_clay":1,"stat.useItem.minecraft.leaves":165,"stat.sprintOneCm":302886,"stat.useItem.minecraft.tallgrass":1,"stat.useItem.minecraft.fence":26,"stat.useItem.minecraft.stone_slab":15,"stat.useItem.minecraft.bed":7,"achievement.openInventory":211,"stat.useItem.minecraft.iron_sword":9,"stat.useItem.minecraft.wheat_seeds":20,"stat.useItem.minecraft.iron_block":3,"stat.mobKills":1,"stat.useItem.minecraft.dye":50,"stat.useItem.minecraft.golden_apple":7,"stat.deaths":13,"stat.useItem.minecraft.cobblestone_wall":6,"stat.drop":10,"stat.playOneMinute":356316,"stat.diveOneCm":20038,"stat.useItem.minecraft.sandstone":677}