[
  {
    "uuid": "145390da-33b0-36dc-81b7-33051500882a",
    "name": "brotherrr",
    "level": 4,
    "bypassesPlayerLimit": false
  },
  {
    "uuid": "439d0424-ad6c-33df-bdda-ed12d4e377fa",
    "name": "ReGa",
    "level": 4,
    "bypassesPlayerLimit": false
  },
  {
    "uuid": "6aada68c-fbc7-36d3-9ef9-402d75a90af7",
    "name": "mr_maks228_",
    "level": 4,
    "bypassesPlayerLimit": false
  },
  {
    "uuid": "795f97d0-307f-3ec5-86df-3e43ed96eb7f",
    "name": "dasdasd",
    "level": 4,
    "bypassesPlayerLimit": false
  }
]