{"stat.useItem.351":105,"stat.useItem.66":9,"stat.useItem.355":4,"stat.useItem.356":6,"stat.leaveGame":6,"stat.killEntity.Ozelot":2,"stat.useItem.69":4,"stat.useItem.76":1,"stat.jump":884,"stat.useItem.126":109,"stat.swimOneCm":495,"stat.fallOneCm":1853,"achievement.exploreAllBiomes":{"value":0,"progress":["ForestHills","Extreme Hills+","Jungle","Plains","Extreme Hills"]},"stat.useItem.42":1,"stat.useItem.295":17,"stat.useItem.44":64,"stat.useItem.331":4,"stat.useItem.41":9,"stat.damageTaken":3430,"stat.useItem.46":4,"stat.useItem.48":14,"stat.useItem.54":1,"stat.flyOneCm":982846,"stat.useItem.56":6,"stat.useItem.101":2,"stat.useItem.50":24,"stat.killEntity.Witch":1,"stat.useItem.107":9,"stat.killEntity.Villager":23,"stat.damageDealt":6950,"stat.useItem.397":73,"stat.useItem.276":80,"stat.walkOneCm":361362,"stat.useItem.24":27,"stat.useItem.27":1,"stat.useItem.31":136,"stat.useItem.33":6,"stat.useItem.30":35,"stat.useItem.323":1,"stat.useItem.39":6,"stat.useItem.35":102,"stat.useItem.171":37,"stat.useItem.170":124,"stat.useItem.293":19,"stat.useItem.172":2,"stat.useItem.88":9,"stat.useItem.89":1,"stat.useItem.134":73,"stat.useItem.137":2,"stat.useItem.85":179,"stat.useItem.139":37,"achievement.openInventory":254,"stat.killEntity.Spider":1,"stat.mobKills":27,"stat.useItem.383":20,"stat.useItem.6":2,"stat.useItem.12":122,"stat.useItem.143":42,"stat.deaths":2,"stat.useItem.145":6,"stat.drop":48,"stat.useItem.389":32,"stat.playOneMinute":297117,"stat.useItem.1":208,"stat.useItem.4":35,"stat.useItem.3":389,"stat.useItem.17":205,"stat.useItem.18":649,"stat.useItem.19":39,"stat.useItem.13":16,"stat.useItem.14":15,"stat.diveOneCm":22,"stat.useItem.390":1,"stat.useItem.15":10,"stat.useItem.151":1,"stat.useItem.16":17,"stat.useItem.271":5}